[{"model": "books.author", "pk": 1, "fields": {"name": "Geoffrey Chaucer", "email": "Chaucer@gmail.com"}}, {"model": "books.author", "pk": 2, "fields": {"name": "William Shakespeare", "email": "William@mail.com"}}, {"model": "books.author", "pk": 3, "fields": {"name": "Robert Stevenson", "email": "enson@re.com"}}, {"model": "books.author", "pk": 4, "fields": {"name": "Charles Dickens", "email": "Dickens@gmail.vom"}}, {"model": "books.author", "pk": 5, "fields": {"name": "Oscar Wilde", "email": "Oscar@mail.wew"}}, {"model": "books.author", "pk": 6, "fields": {"name": "Thomas Hardy", "email": "Thomas@hww.rw"}}, {"model": "books.genre", "pk": 1, "fields": {"name": "Fiction", "description": "Fiction books contain a made-up story Ц a story that did not actually happen in real life. These stories are derived from the imagination and creativity of the authors and are not based on facts."}}, {"model": "books.genre", "pk": 2, "fields": {"name": "Drama", "description": "Dramas are stories composed in verse or prose, usually for theatrical performance, where conflicts and emotions are expressed through dialogue and actions."}}, {"model": "books.genre", "pk": 3, "fields": {"name": "Fairy Tale", "description": "Fairy tale is usually a story for children that involves imaginary creatures and magical events."}}, {"model": "books.genre", "pk": 4, "fields": {"name": "Horror", "description": "Horror is a genre that is intended to or has the ability to create the feeling of fear, repulsion, fright or terror in the readers. In other words, it creates a frightening and horror atmosphere."}}, {"model": "books.genre", "pk": 5, "fields": {"name": "Legend", "description": "ItТs a story, sometimes of a national or folk hero that is considered to be based on facts but also includes imaginative material. Narratives in this genre may demonstrate human values, and possess certain qualities that give the readers a reason to believe in the tale."}}, {"model": "books.publisher", "pk": 1, "fields": {"name": "Harper Voyager", "city": "New York City"}}, {"model": "books.publisher", "pk": 2, "fields": {"name": "Puffin Books", "city": "London"}}, {"model": "books.publisher", "pk": 3, "fields": {"name": "Yale University Press", "city": "Hartford"}}, {"model": "books.publisher", "pk": 4, "fields": {"name": "Drawn and Quarterly", "city": "Toronto"}}, {"model": "books.publisher", "pk": 5, "fields": {"name": "Algonquin Books", "city": "Raleigh"}}, {"model": "books.book", "pk": 1, "fields": {"title": "Highfire", "author": 6, "genre": 1, "publisher": 1}}, {"model": "books.book", "pk": 2, "fields": {"title": "The Beautiful Ones", "author": 5, "genre": 1, "publisher": 2}}, {"model": "books.book", "pk": 3, "fields": {"title": "Radio Life", "author": 4, "genre": 3, "publisher": 3}}, {"model": "books.book", "pk": 4, "fields": {"title": "King-Cat", "author": 2, "genre": 4, "publisher": 5}}, {"model": "books.book", "pk": 5, "fields": {"title": "Map of My Heart", "author": 1, "genre": 5, "publisher": 5}}, {"model": "books.book", "pk": 6, "fields": {"title": "The League of Super Feminists", "author": 6, "genre": 3, "publisher": 4}}, {"model": "books.book", "pk": 7, "fields": {"title": "Atlas of AI", "author": 6, "genre": 2, "publisher": 2}}, {"model": "books.book", "pk": 8, "fields": {"title": "Reimagining Time", "author": 1, "genre": 2, "publisher": 5}}, {"model": "books.book", "pk": 9, "fields": {"title": "Radical Vision", "author": 2, "genre": 5, "publisher": 4}}, {"model": "books.book", "pk": 10, "fields": {"title": "Tracer", "author": 5, "genre": 1, "publisher": 4}}, {"model": "books.book", "pk": 11, "fields": {"title": "The Lucky Eight", "author": 1, "genre": 1, "publisher": 3}}, {"model": "books.book", "pk": 12, "fields": {"title": "One Good Lie", "author": 4, "genre": 5, "publisher": 2}}, {"model": "books.book", "pk": 13, "fields": {"title": "Charlie and the Chocolate Factory", "author": 3, "genre": 3, "publisher": 5}}, {"model": "books.book", "pk": 14, "fields": {"title": "Double Fudge", "author": 2, "genre": 1, "publisher": 3}}, {"model": "books.book", "pk": 15, "fields": {"title": "The Poppy War", "author": 6, "genre": 1, "publisher": 2}}, {"model": "books.book", "pk": 16, "fields": {"title": "The Outsiders", "author": 3, "genre": 1, "publisher": 5}}, {"model": "books.book", "pk": 17, "fields": {"title": "Queen of Storms", "author": 2, "genre": 2, "publisher": 3}}, {"model": "books.book", "pk": 18, "fields": {"title": "The Long Way to a Small, Angry Planet", "author": 4, "genre": 2, "publisher": 1}}, {"model": "books.book", "pk": 19, "fields": {"title": "From Crook to Cook", "author": 1, "genre": 2, "publisher": 4}}, {"model": "books.book", "pk": 20, "fields": {"title": "Dolly Parton, Songteller", "author": 6, "genre": 2, "publisher": 3}}, {"model": "books.book", "pk": 21, "fields": {"title": "Men to Avoid in Art and Life", "author": 5, "genre": 3, "publisher": 4}}, {"model": "books.book", "pk": 22, "fields": {"title": "The Slaughterman's Daughter", "author": 6, "genre": 5, "publisher": 4}}, {"model": "books.book", "pk": 23, "fields": {"title": "To the Edge of Sorrow", "author": 4, "genre": 4, "publisher": 1}}, {"model": "books.book", "pk": 24, "fields": {"title": "Thinking Without a Bannister", "author": 5, "genre": 4, "publisher": 5}}]
